Périmètre	Nature	Date	Heures	Consommation	Prévision J-1	Prévision J	Fioul	Charbon	Gaz	Nucléaire	Eolien	Solaire	Hydraulique	Pompage	Bioénergies	Ech. physiques	Taux de Co2	Ech. comm. Angleterre	Ech. comm. Espagne	Ech. comm. Italie	Ech. comm. Suisse	Ech. comm. Allemagne-Belgique	Fioul - TAC	Fioul - Cogén.	Fioul - Autres	Gaz - TAC	Gaz - Cogén.	Gaz - CCG	Gaz - Autres	Hydraulique - Fil de l?eau + éclusée	Hydraulique - Lacs	Hydraulique - STEP turbinage	Bioénergies - Déchets	Bioénergies - Biomasse	Bioénergies - Biogaz	Consommation corrigée
France	Données définitives	2018-07-15	00:00	45127	45000	44900	83	438	2312	36424	2427	0	7206	-21	1115	-4856	32	-1901	-2300	-2244	817	379	13	60	3	0	350	1905	58	4277	2020	910	550	282	283	ND	
France	Données définitives	2018-07-15	00:15		43900	43700																														ND	
France	Données définitives	2018-07-15	00:30	42929	42800	42500	84	477	1311	36229	2371	0	7166	-115	1125	-5718	26	-1901	-2300	-2244	817	379	14	61	3	0	336	918	56	4192	1917	1058	561	282	282	ND	
France	Données définitives	2018-07-15	00:45		41600	41250																														ND	
France	Données définitives	2018-07-15	01:00	40093	40400	40000	85	317	1014	35476	2337	0	6342	-654	1129	-5953	22	-1752	-2300	-2244	656	-940	15	60	3	0	336	623	55	4118	1640	584	558	289	282	ND	
France	Données définitives	2018-07-15	01:15		40650	40200																														ND	
France	Données définitives	2018-07-15	01:30	39481	40900	40400	85	344	1062	35574	2299	0	6502	-658	1121	-6846	23	-1752	-2300	-2244	656	-940	15	60	3	0	338	668	57	3983	1937	582	556	284	281	ND	
France	Données définitives	2018-07-15	01:45		40600	40050																														ND	
France	Données définitives	2018-07-15	02:00	38515	40300	39700	85	308	1009	35323	2217	0	5965	-275	1129	-7244	22	-1752	-2300	-2244	-715	-966	15	60	3	0	335	621	54	3917	1629	419	562	287	280	ND	
France	Données définitives	2018-07-15	02:15		39200	38700																														ND	
France	Données définitives	2018-07-15	02:30	37749	38100	37700	84	345	1036	35696	2161	0	5973	-364	1130	-8312	23	-1752	-2300	-2244	-715	-947	14	60	4	0	317	666	53	3804	1635	534	556	292	282	ND	
France	Données définitives	2018-07-15	02:45		37200	36950																														ND	
France	Données définitives	2018-07-15	03:00	36115	36300	36200	83	333	1028	34859	2232	0	5638	-694	1132	-8496	23	-1703	-2300	-2244	-966	-2249	14	60	3	0	316	653	60	3772	1444	423	560	292	281	ND	
France	Données définitives	2018-07-15	03:15		35900	35750																														ND	
France	Données définitives	2018-07-15	03:30	35144	35500	35300	84	362	1053	35049	2302	0	5805	-1050	1138	-9598	24	-1703	-2300	-2244	-966	-2249	13	60	3	0	317	680	57	3744	1565	496	567	290	281	ND	
France	Données définitives	2018-07-15	03:45		35000	34800																														ND	
France	Données définitives	2018-07-15	04:00	34427	34500	34300	84	330	1024	35330	2319	0	5281	-1220	1157	-9879	24	-1654	-2300	-2244	-1111	-2238	14	59	3	0	320	645	60	3739	1130	412	583	293	281	ND	
France	Données définitives	2018-07-15	04:15		34350	34100																														ND	
France	Données définitives	2018-07-15	04:30	33840	34200	33900	83	369	906	35791	1992	0	4988	-1708	1158	-9739	24	-1654	-2300	-2244	-1111	-2183	13	60	3	0	313	534	58	3706	1000	283	583	296	280	ND	
France	Données définitives	2018-07-15	04:45		34000	33850																														ND	
France	Données définitives	2018-07-15	05:00	33685	33800	33800	83	366	912	35829	1712	0	4830	-1710	1156	-9492	24	-1604	-2300	-2244	-960	-2014	14	61	3	0	315	544	54	3594	936	299	585	293	278	ND	
France	Données définitives	2018-07-15	05:15		33800	33850																														ND	
France	Données définitives	2018-07-15	05:30	33756	33800	33900	81	388	950	35689	1577	0	5048	-2029	1144	-9090	25	-1604	-2300	-2244	-960	-1939	14	59	3	0	317	578	54	3594	1318	136	580	295	268	ND	
France	Données définitives	2018-07-15	05:45		33450	33600																														ND	
France	Données définitives	2018-07-15	06:00	33322	33100	33300	80	361	918	35108	1484	0	5369	-2033	1131	-9095	24	-1604	-2300	-2244	-921	-2866	13	59	3	0	317	547	55	3536	1307	525	576	296	259	ND	
France	Données définitives	2018-07-15	06:15		32800	33150																														ND	
France	Données définitives	2018-07-15	06:30	33011	32500	33000	80	350	907	35829	1365	14	5254	-2030	1117	-9876	24	-1604	-2300	-2244	-921	-2805	13	59	3	0	320	534	53	3564	1217	473	572	288	257	ND	
France	Données définitives	2018-07-15	06:45		32700	33250																														ND	
France	Données définitives	2018-07-15	07:00	33174	32900	33500	80	380	948	36135	1396	113	4957	-2023	1104	-9916	25	-1604	-2300	-2244	-478	-2636	13	59	3	0	316	573	59	3481	1345	130	566	283	255	ND	
France	Données définitives	2018-07-15	07:15		33350	33750																														ND	
France	Données définitives	2018-07-15	07:30	33877	33800	34000	81	376	927	35939	1400	328	4882	-1687	1117	-9486	24	-1604	-2300	-2244	-478	-2591	13	60	3	0	315	558	54	3471	1286	125	571	291	255	ND	
France	Données définitives	2018-07-15	07:45		34300	34450																														ND	
France	Données définitives	2018-07-15	08:00	34755	34800	34900	82	488	908	36568	1181	699	4725	-1611	1127	-9411	26	-1704	-2300	-2244	-682	-582	15	59	3	0	316	541	52	3542	1077	107	569	294	264	ND	
France	Données définitives	2018-07-15	08:15		35450	35700																														ND	
France	Données définitives	2018-07-15	08:30	35986	36100	36500	82	455	862	36828	740	1262	4649	-1853	1124	-8163	25	-1704	-2300	-2244	-682	-413	15	59	3	0	318	490	55	3686	911	52	569	294	261	ND	
France	Données définitives	2018-07-15	08:45		36750	37100																														ND	
France	Données définitives	2018-07-15	09:00	37570	37400	37700	83	476	877	36826	477	2002	4939	-1510	1108	-7706	25	-1704	-2300	-2119	512	-953	15	59	4	0	316	508	54	3705	1165	69	561	289	259	ND	
France	Données définitives	2018-07-15	09:15		38100	38500																														ND	
France	Données définitives	2018-07-15	09:30	39137	38800	39300	82	484	864	36818	396	2686	5205	-1511	1116	-7003	24	-1704	-2300	-2119	512	-788	14	59	3	0	316	492	57	3752	1378	74	560	291	265	ND	
France	Données définitives	2018-07-15	09:45		39350	39900																														ND	
France	Données définitives	2018-07-15	10:00	40442	39900	40500	82	348	875	36821	329	3434	5441	-1346	1126	-6670	21	-1704	-2300	-1867	366	-234	14	59	3	0	316	503	57	3726	1476	239	568	292	266	ND	
France	Données définitives	2018-07-15	10:15		40400	41100																														ND	
France	Données définitives	2018-07-15	10:30	41643	40900	41700	81	327	977	36753	233	4109	5403	-1172	1123	-6192	21	-1704	-2300	-1867	366	-154	14	59	3	0	315	606	57	3642	1533	228	560	292	271	ND	
France	Données définitives	2018-07-15	10:45		41300	42150																														ND	
France	Données définitives	2018-07-15	11:00	42494	41700	42600	82	301	979	36614	181	4678	5115	-736	1125	-5845	20	-1753	-2300	-1867	734	178	14	59	3	0	309	618	51	3646	1260	209	556	295	273	ND	
France	Données définitives	2018-07-15	11:15		42150	43050																														ND	
France	Données définitives	2018-07-15	11:30	43560	42600	43500	82	328	992	36648	177	5101	5144	-729	1110	-5293	21	-1753	-2300	-1867	734	178	14	59	3	0	311	625	56	3645	1179	320	546	296	268	ND	
France	Données définitives	2018-07-15	11:45		43350	44400																														ND	
France	Données définitives	2018-07-15	12:00	44510	44100	45300	82	341	1008	36665	144	5491	5429	-679	1110	-5082	21	-1753	-2300	-1867	806	1193	15	59	3	0	313	647	49	3752	1243	434	543	293	274	ND	
France	Données définitives	2018-07-15	12:15		44300	45200																														ND	
France	Données définitives	2018-07-15	12:30	45612	44500	45100	82	291	955	36581	148	5722	5556	-58	1105	-4770	19	-1753	-2300	-1867	806	1225	15	59	3	0	311	588	57	3774	1401	380	542	292	271	ND	
France	Données définitives	2018-07-15	12:45		45250	46100																														ND	
France	Données définitives	2018-07-15	13:00	46375	46000	47100	82	339	952	36655	183	5880	5655	-59	1101	-4413	20	-1753	-2300	-1320	536	881	15	60	3	0	309	596	48	3857	1557	240	539	291	270	ND	
France	Données définitives	2018-07-15	13:15		44850	46050																														ND	
France	Données définitives	2018-07-15	13:30	44978	43700	45000	82	345	851	36523	221	5843	5290	-767	1099	-4509	20	-1753	-2300	-1320	536	1011	15	59	3	0	308	491	52	3917	1306	67	539	289	271	ND	
France	Données définitives	2018-07-15	13:45		43350	44700																														ND	
France	Données définitives	2018-07-15	14:00	44060	43000	44400	82	357	866	36538	267	5705	5009	-1832	1087	-4019	21	-1802	-2300	-1440	473	380	15	59	3	0	312	499	55	3697	1224	88	538	280	270	ND	
France	Données définitives	2018-07-15	14:15		43050	44450																														ND	
France	Données définitives	2018-07-15	14:30	43672	43100	44500	83	378	902	36904	320	5528	5300	-1832	1094	-5004	21	-1802	-2300	-1440	473	305	15	59	3	0	309	539	54	3699	1486	114	542	283	269	ND	
France	Données définitives	2018-07-15	14:45		42650	43900																														ND	
France	Données définitives	2018-07-15	15:00	42963	42200	43300	82	333	876	37141	391	5379	5063	-2166	1090	-5224	20	-1802	-2300	-1867	536	-218	15	59	3	0	306	519	51	3709	1273	80	541	283	267	ND	
France	Données définitives	2018-07-15	15:15		41850	43100																														ND	
France	Données définitives	2018-07-15	15:30	42637	41500	42900	83	363	916	37103	491	5199	5287	-2163	1089	-5732	21	-1802	-2300	-1867	536	-404	14	59	3	0	309	553	55	3723	1447	117	542	281	266	ND	
France	Données définitives	2018-07-15	15:45		41000	42300																														ND	
France	Données définitives	2018-07-15	16:00	42238	40500	41700	84	377	933	36864	502	4792	6159	-2159	1091	-6405	21	-1110	-2300	-1867	637	-2366	15	59	3	0	308	567	59	3761	1861	538	542	283	265	ND	
France	Données définitives	2018-07-15	16:15		40050	41150																														ND	
France	Données définitives	2018-07-15	16:30	41520	39600	40600	85	382	1035	37038	598	4435	5318	-1629	1086	-6826	22	-1110	-2300	-1867	637	-2566	14	59	3	0	310	668	57	3847	933	537	534	287	265	ND	
France	Données définitives	2018-07-15	16:45		39150	40050																														ND	
France	Données définitives	2018-07-15	17:00	40966	38700	39500	82	387	1025	37102	602	4091	5839	-1069	1080	-8174	22	-1110	-2300	-2224	189	-3459	14	59	3	0	310	661	55	3822	1049	969	534	280	266	ND	
France	Données définitives	2018-07-15	17:15		38400	39250																														ND	
France	Données définitives	2018-07-15	17:30	40364	38100	39000	82	379	1114	37306	839	3546	5312	-611	1084	-8688	23	-1110	-2300	-2224	189	-3722	14	59	3	0	323	734	58	3961	991	360	542	278	264	ND	
France	Données définitives	2018-07-15	17:45		38600	39400																														ND	
France	Données définitives	2018-07-15	18:00	40842	39100	39800	82	390	1438	37649	915	3082	6105	-673	1079	-9227	25	-1258	-2731	-2244	52	-2133	14	59	4	0	327	1058	54	4036	1433	637	542	276	260	ND	
France	Données définitives	2018-07-15	18:15		39150	39750																														ND	
France	Données définitives	2018-07-15	18:30	40662	39200	39700	89	326	1637	37139	1072	2540	6151	-676	1086	-8701	25	-1258	-2731	-2244	52	-2328	14	59	3	0	323	1256	58	4008	1714	429	546	278	262	ND	
France	Données définitives	2018-07-15	18:45		39800	40300																														ND	
France	Données définitives	2018-07-15	19:00	40357	40400	40900	84	294	1584	37031	1122	1983	5914	-22	1084	-8718	24	-1109	-1918	-2394	215	-1519	14	59	3	0	328	1203	54	3998	1631	286	543	276	265	ND	
France	Données définitives	2018-07-15	19:15		40800	41700																														ND	
France	Données définitives	2018-07-15	19:30	40990	41200	42500	84	276	1688	37214	1252	1305	5807	-22	1088	-7701	25	-1109	-1918	-2394	215	-1644	14	59	4	0	337	1297	55	4050	1552	205	545	278	265	ND	
France	Données définitives	2018-07-15	19:45		41600	43000																														ND	
France	Données définitives	2018-07-15	20:00	41374	42000	43500	85	332	1812	37930	1160	788	6011	-21	1089	-7812	27	-1604	-2113	-2544	1108	-1832	14	60	5	0	330	1425	58	4082	1458	471	548	276	265	ND	
France	Données définitives	2018-07-15	20:15		42050	43650																														ND	
France	Données définitives	2018-07-15	20:30	41225	42100	43800	82	330	1713	38004	1078	400	6137	-22	1092	-7588	26	-1604	-2113	-2544	1108	-1832	14	59	3	0	329	1327	57	4165	1447	525	552	274	266	ND	
France	Données définitives	2018-07-15	20:45		42100	43700																														ND	
France	Données définitives	2018-07-15	21:00	41145	42100	43600	84	333	1764	38079	1172	164	6043	-22	1096	-7567	27	-1604	-2300	-2544	706	-1821	14	59	4	0	334	1373	58	4079	1426	538	552	276	268	ND	
France	Données définitives	2018-07-15	21:15		42100	43450																														ND	
France	Données définitives	2018-07-15	21:30	41674	42100	43300	85	383	1877	38375	1207	30	6509	-22	1095	-7865	28	-1604	-2300	-2544	706	-1821	14	60	4	0	333	1486	59	4125	1691	693	552	275	268	ND	
France	Données définitives	2018-07-15	21:45		42500	43550																														ND	
France	Données définitives	2018-07-15	22:00	42447	42900	43800	84	383	1878	38363	1313	0	6934	-22	1094	-7581	28	-1604	-2300	-2243	1108	-359	14	60	3	0	327	1495	56	4180	2084	669	550	273	271	ND	
France	Données définitives	2018-07-15	22:15		43950	44750																														ND	
France	Données définitives	2018-07-15	22:30	44121	45000	45700	84	323	1729	37990	1444	0	7258	-22	1100	-5784	26	-1604	-2300	-2243	1108	-359	15	60	3	0	342	1331	57	4155	2200	904	555	275	270	ND	
France	Données définitives	2018-07-15	22:45		46400	46950																														ND	
France	Données définitives	2018-07-15	23:00	46722	47800	48200	87	345	2027	38226	1516	0	8908	-22	1097	-5460	27	-1604	-2300	-2124	1108	-628	14	61	3	0	347	1624	57	4263	2730	1915	552	271	273	ND	
France	Données définitives	2018-07-15	23:15		47100	47750																														ND	
France	Données définitives	2018-07-15	23:30	45826	46400	47300	86	325	2034	38469	1483	0	8191	-76	1104	-5788	27	-1604	-2300	-2124	1108	-578	14	60	3	0	348	1628	57	4185	2156	1851	557	273	273	ND	
France	Données définitives	2018-07-15	23:45		46050	46500																														ND	
RTE ne pourra être tenu responsable de l'usage qui pourrait être fait des données mises à disposition, ni en cas de prévisions qui se révèleraient imprécises.
